Gene,EEG_count,EEG_present,Cardiology_count,Cardiology_present,Endocrinology_count,Endocrinology_present,Immunology_count,Immunology_present,Oncology_count,Oncology_present,Domains_present,NonEEG_domains_present,Entropy,H_norm,Domain_Degree,Betweenness
MET,1337,1,24541,1,12887,1,8997,1,40395,1,5,4,1.291118041815622,0.8022167440202437,5,0.009587072075673761
BDNF,238,1,1746,1,936,1,1440,1,836,1,5,4,1.466041958634196,0.9109030844296233,5,0.00576078209371714
SCN1A,211,1,26,1,10,1,9,1,12,1,5,4,0.7903439652990246,0.4910683159586536,5,0.0
IL6,190,1,16848,1,10300,1,44790,1,17592,1,5,4,1.2418655090216832,0.7716144247798267,5,0.0006457078347679283
APP,186,1,1762,1,1912,1,1242,1,2134,1,5,4,1.4523644608065625,0.9024047772119514,5,0.010064305664829024
TNF,182,1,18688,1,12413,1,52038,1,21400,1,5,4,1.2433801266259925,0.772555509609883,5,0.0006457078347679283
F2,165,1,1502,1,1028,1,773,1,1356,1,5,4,1.4583410809201731,0.9061182600791293,5,0.011169330279163593
MTOR,119,1,2861,1,2591,1,2223,1,21191,1,5,4,0.8929112516100792,0.5547969540866897,5,0.0009722050116241467
INS,119,1,1584,1,3171,1,1683,1,5912,1,5,4,1.2788470571416817,0.794592352560879,5,0.011558578505418887
MECP2,114,1,82,1,65,1,96,1,189,1,5,4,1.538002883866201,0.9556149211995003,5,0.023018705547199335
APOE,103,1,9161,1,3710,1,1739,1,613,1,5,4,1.0602813425614015,0.6587898385951658,5,0.0007100351655420762
LEP,102,1,123,1,400,1,116,1,316,1,5,4,1.447141998002609,0.899159878627417,5,0.009620296091372245
SCN2A,86,1,6,1,6,1,3,1,48,1,5,4,1.0194599536040736,0.633426083558732,5,0.0017534525553282913
COMT,75,1,216,1,78,1,29,1,437,1,5,4,1.2432671519318774,0.772485314485708,5,0.009651454321792857
TSC1,60,1,92,1,60,1,41,1,1644,1,5,4,0.5721631156322018,0.3555049320087577,5,6.630452336438095e-05
ACE,59,1,16801,1,4294,1,1429,1,1408,1,5,4,0.906610701282173,0.5633089007522027,5,0.0004878308657242716
TSC2,59,1,116,1,86,1,30,1,2065,1,5,4,0.5325433253575673,0.3308877722112022,5,6.630452336438095e-05
GBA,56,1,59,1,452,1,64,1,121,1,5,4,1.2027390865671816,0.7473038116445071,5,0.00042046188092747117
SCN8A,55,1,11,1,7,1,3,1,14,1,5,4,1.1593187401855638,0.7203252335669289,5,0.00010519324930140362
ATM,54,1,1813,1,1492,1,443,1,5685,1,5,4,1.0865460833804859,0.6751090396132168,5,0.003746613312747657
F5,45,1,239,1,57,1,56,1,258,1,5,4,1.341563799280923,0.8335604554337566,5,0.007074943180911158
IL10,41,1,4875,1,2933,1,17582,1,7222,1,5,4,1.1758316271623404,0.7305852671160347,5,0.0005153954386203152
GRIN2A,38,1,5,1,2,1,10,1,45,1,5,4,1.1852959763581123,0.7364657979042389,5,0.0037218107709534143
KIT,37,1,3864,1,2545,1,3231,1,22400,1,5,4,0.9457520376345045,0.5876287804132544,5,0.0011802173839159564
SLC2A1,35,1,32,1,168,1,29,1,263,1,5,4,1.2211004173905786,0.7587123479300899,5,0.008561400203432374
PTEN,30,1,921,1,706,1,499,1,13530,1,5,4,0.55521869133414,0.3449767692463712,5,0.00017649135217268457
ATR,29,1,346,1,307,1,117,1,2082,1,5,4,0.9042567021387583,0.5618462788484758,5,0.0009817907537127016
IGF1,26,1,1633,1,2413,1,948,1,4106,1,5,4,1.2709130435381044,0.7896626727377052,5,0.014879285860043652
DRD4,26,1,7,1,8,1,6,1,28,1,5,4,1.3972254939891977,0.8681450108727995,5,0.0068600732155240495
MAOA,26,1,109,1,68,1,41,1,208,1,5,4,1.3670929576673612,0.849422613389156,5,0.012704936818867491
PSEN1,25,1,46,1,77,1,30,1,60,1,5,4,1.5279050748171987,0.949340799674843,5,0.0078953184770443
GABRA1,24,1,7,1,5,1,1,1,13,1,5,4,1.2862991218049786,0.7992225806707826,5,0.005107841504145808
SLC6A1,23,1,3,1,3,1,1,1,18,1,5,4,1.1475607538089312,0.7130195858710511,5,0.005107841504145808
DRD2,21,1,31,1,47,1,33,1,159,1,5,4,1.299831756881218,0.8076308796002969,5,0.010902997104768096
APC,20,1,1836,1,719,1,1464,1,11184,1,5,4,0.8597234705903796,0.5341762263386358,5,0.0008798441225317363
BRAF,17,1,375,1,298,1,192,1,18133,1,5,4,0.24052680336718119,0.14944770562998014,5,3.387370586866869e-05
TLR4,14,1,3006,1,1556,1,7638,1,2110,1,5,4,1.1929884097543877,0.7412453755051179,5,0.00022658894223305499
PROC,14,1,254,1,178,1,96,1,899,1,5,4,1.0841140722192188,0.6735979461174827,5,0.002682803767143485
LPA,12,1,4107,1,2149,1,590,1,1268,1,5,4,1.1865507563791142,0.7372454365664749,5,0.003939841786403035
AMPK,12,1,2710,1,4393,1,1746,1,4208,1,5,4,1.3329419214294718,0.8282033815231441,5,0.01373469967821904
STAT3,11,1,2562,1,1108,1,4017,1,14233,1,5,4,0.9969461048303445,0.6194374428042221,5,0.001497380374311329
SCN5A,11,1,1565,1,23,1,9,1,27,1,5,4,0.23191541806641364,0.14409715110766014,5,2.9559562518474725e-06
MAPT,11,1,51,1,549,1,43,1,113,1,5,4,0.9241394374147038,0.5742001168700215,5,9.420148539800109e-05
ERBB4,11,1,114,1,63,1,40,1,747,1,5,4,0.8136407219270081,0.5055434047135529,5,0.0008310209970473962
KCNH2,10,1,645,1,15,1,3,1,28,1,5,4,0.371465631065743,0.23080457356937834,5,1.1300407841708017e-05
MTHFR,10,1,1999,1,1097,1,234,1,1462,1,5,4,1.2242771941763055,0.76068619032636,5,0.011305191624661225
MAOB,10,1,87,1,60,1,48,1,141,1,5,4,1.393221075477245,0.865656925758726,5,0.01244204288869756
AKT1,8,1,546,1,488,1,303,1,2887,1,5,4,0.9748300158529073,0.6056959441067116,5,0.0011802173839159564
CACNA1C,8,1,238,1,33,1,6,1,38,1,5,4,0.8754865861259709,0.5439704006983981,5,7.024662305834545e-05
EGFR,7,1,8223,1,6466,1,2778,1,43498,1,5,4,0.8908437730482748,0.5535123574297875,5,0.0009817907537127016
KCNQ1,7,1,926,1,267,1,12,1,87,1,5,4,0.818958030338409,0.508847234187384,5,0.0005294124964360107
GRIN1,7,1,11,1,4,1,4,1,14,1,5,4,1.4879950404153859,0.9245433010615208,5,0.0072539875287309956
GAD1,7,1,9,1,22,1,14,1,31,1,5,4,1.4694462443343779,0.9130182860623681,5,0.00739026106446778
LRRK2,7,1,17,1,62,1,96,1,113,1,5,4,1.3139564422312764,0.8164070400479505,5,0.004065350280383003
CLU,7,1,71,1,58,1,66,1,274,1,5,4,1.1942169066443018,0.7420086835398193,5,0.003501081065439447
RYR2,6,1,1166,1,83,1,25,1,63,1,5,4,0.5366004500815824,0.33340860553609825,5,3.115119544457264e-05
PSEN2,6,1,25,1,41,1,8,1,16,1,5,4,1.3927246595750742,0.8653484852166364,5,0.004231167394019902
SLC6A4,5,1,29,1,15,1,8,1,36,1,5,4,1.3932259902862125,0.8656599795012343,5,0.005363601147032179
TPH2,5,1,14,1,20,1,17,1,15,1,5,4,1.5345951233271216,0.9534975605279565,5,0.008362496198330608
TREM2,5,1,162,1,205,1,388,1,178,1,5,4,1.3440885574031314,0.8351291758563977,5,0.0018702183568035655
CR1,5,1,132,1,49,1,348,1,1337,1,5,4,0.8512704729832494,0.5289240836235771,5,0.0006381551796512409
FGFR3,5,1,219,1,59,1,25,1,1596,1,5,4,0.5768126749536141,0.3583938656454585,5,0.000520918674772589
PIK3CA,4,1,267,1,132,1,61,1,6207,1,5,4,0.3208822478382493,0.1993753504619198,5,5.312972478196771e-05
MYD88,4,1,1088,1,395,1,2409,1,1537,1,5,4,1.2357553350377883,0.7678179602273955,5,0.0017088035173468336
PINK1,4,1,394,1,332,1,212,1,393,1,5,4,1.3758358494186935,0.8548548774633319,5,0.007672034093481202
HBA1,4,1,357,1,1598,1,786,1,31,1,5,4,0.9985651402104898,0.6204434060461943,5,0.0002334873002744151
LPL,4,1,995,1,1811,1,225,1,660,1,5,4,1.188285201238291,0.7383231077495487,5,0.0028088279191935826
SIRT1,4,1,1750,1,1859,1,1454,1,1709,1,5,4,1.3865244823368053,0.8614960984980385,5,0.0074080094437651706
SIRT3,4,1,570,1,351,1,221,1,400,1,5,4,1.3477770419289687,0.837420960147883,5,0.011245703515872054
SOX2,4,1,207,1,172,1,107,1,3708,1,5,4,0.4890897950157655,0.30388857577989464,5,0.00013491979112380088
NOTCH1,4,1,695,1,241,1,270,1,3901,1,5,4,0.7824888629115312,0.48618766643076133,5,0.0008798441225317363
TP53,3,1,603,1,852,1,240,1,19203,1,5,4,0.36314407767941337,0.2256341017406489,5,6.630452336438095e-05
KRAS,3,1,434,1,213,1,218,1,21477,1,5,4,0.20535282037223787,0.12759288120761614,5,2.7904636084308295e-05
JAK2,3,1,1347,1,394,1,1038,1,4689,1,5,4,1.0337714661982624,0.6423183262998914,5,0.0017555700087821065
NOS3,3,1,603,1,201,1,110,1,170,1,5,4,1.177235058645113,0.7314572681245421,5,0.0018965663887384788
HLA-DRB1,3,1,275,1,466,1,2709,1,564,1,5,4,0.980164649967852,0.6090105386454202,5,0.0
TLR2,3,1,816,1,450,1,2482,1,831,1,5,4,1.181721531425469,0.7342448703959281,5,0.0004574459820994298
SNCA,3,1,20,1,103,1,54,1,73,1,5,4,1.3073173707658403,0.8122819530134372,5,0.005964550371694977
DJ1,3,1,93,1,77,1,55,1,260,1,5,4,1.2200671344059055,0.7580703331144265,5,0.006864887717395173
NPC1,3,1,35,1,928,1,28,1,62,1,5,4,0.5058319820628836,0.31429108147320056,5,2.184837229626393e-06
MYC,3,1,1343,1,523,1,551,1,26987,1,5,4,0.3668830399011413,0.2279572495880071,5,6.630452336438095e-05
SMAD2,3,1,845,1,413,1,399,1,1985,1,5,4,1.1645787167119588,0.7235934407377417,5,0.00497895885651992
FGFR1,3,1,148,1,180,1,69,1,2017,1,5,4,0.6252591525585627,0.3884953546377729,5,0.0003212555658972701
RET,3,1,237,1,259,1,141,1,5596,1,5,4,0.4429336217869274,0.2752101329072324,5,6.630452336438095e-05
NRAS,2,1,187,1,61,1,63,1,5579,1,5,4,0.2597442986670714,0.16138820681453708,5,3.387370586866869e-05
AGT,2,1,852,1,511,1,116,1,401,1,5,4,1.2212221637470932,0.7587879931945478,5,0.009075986727859512
IGF1R,2,1,291,1,369,1,209,1,2822,1,5,4,0.8025202255466071,0.49863385182276604,5,0.0006956268989499351
GLUT4,2,1,413,1,3274,1,277,1,300,1,5,4,0.7970035395956498,0.4952061421184421,5,8.484731057480625e-05
HTR1A,2,1,5,1,6,1,14,1,12,1,5,4,1.43408156533674,0.8910449755516491,5,0.006871808553107054
HTR2A,2,1,25,1,19,1,26,1,39,1,5,4,1.4177108790136224,0.8808732962363789,5,0.008125763943307376
PARK2,2,1,25,1,32,1,25,1,107,1,5,4,1.2039680888712367,0.7480674337106709,5,0.0053989350243198566
SORL1,2,1,12,1,23,1,6,1,21,1,5,4,1.377522628159257,0.8559029320217164,5,0.016183276207578097
TGFB1,2,1,220,1,165,1,263,1,650,1,5,4,1.2424473095267197,0.7719759177585501,5,0.0065006904830619446
NTRK2,2,1,12,1,9,1,9,1,258,1,5,4,0.4856782006982606,0.30176883304788377,5,0.00010697657304630661
NOTCH3,2,1,839,1,64,1,64,1,635,1,5,4,0.971215896866595,0.6034503657228606,5,0.012540758627568118
BRCA1,1,1,161,1,481,1,51,1,14876,1,5,4,0.21761907855450544,0.13521433593258667,5,2.7904636084308295e-05
VEGFA,1,1,1349,1,824,1,677,1,4170,1,5,4,1.104618110047792,0.686337821119907,5,0.003908223244124214
MAPK1,1,1,159,1,92,1,123,1,542,1,5,4,1.1222054376466404,0.6972654421626159,5,0.0031130938132713894
GJA1,1,1,90,1,19,1,19,1,69,1,5,4,1.202282685460952,0.747020233693035,5,0.017686825461429762
LEPR,1,1,168,1,638,1,98,1,194,1,5,4,1.1308756367628388,0.7026525397630978,5,0.0014749647050596234
ADIPOQ,1,1,140,1,448,1,80,1,194,1,5,4,1.1992282241961427,0.7451223902029499,5,0.004610162749219377
HLA-A,1,1,284,1,463,1,829,1,2508,1,5,4,1.057339186020335,0.656961773953258,5,0.0015368060170750017
HLA-B,1,1,367,1,245,1,492,1,703,1,5,4,1.3201405435596227,0.8202494382421086,5,0.008507365325404503
HLA-C,1,1,70,1,57,1,152,1,364,1,5,4,1.129123514611105,0.7015638850606098,5,0.0027205024191024937
CD28,1,1,492,1,308,1,1727,1,2216,1,5,4,1.1377621730285798,0.7069313853231144,5,0.005344503793121009
CD40,1,1,1273,1,471,1,2055,1,2719,1,5,4,1.2387898871059426,0.7697034334380798,5,0.006028565455531647
NFKB1,1,1,122,1,88,1,249,1,371,1,5,4,1.2486792008930354,0.7758480095728226,5,0.010827744035602502
DRD3,1,1,6,1,11,1,11,1,21,1,5,4,1.363238525240659,0.8470277198695466,5,0.007373255422761921
BIN1,1,1,33,1,15,1,12,1,87,1,5,4,1.1164123503447112,0.6936659946429736,5,0.003746613312747657
NPC2,1,1,16,1,357,1,12,1,47,1,5,4,0.6354284653439185,0.3948139039317782,5,2.1272885046285614e-05
ATP7B,1,1,17,1,873,1,20,1,187,1,5,4,0.6276606276019843,0.3899874749767238,5,5.6108974699186365e-05
HBB,1,1,61,1,80,1,22,1,118,1,5,4,1.2721582902617878,0.7904363880292756,5,0.008215307478950709
VWF,1,1,3206,1,581,1,861,1,727,1,5,4,1.1142311974227777,0.6923107681349595,5,0.0009175718154202684
APOB,1,1,3039,1,3505,1,414,1,437,1,5,4,1.0490592770298215,0.6518171772424779,5,0.0020253886515136867
PCSK9,1,1,2270,1,2487,1,226,1,183,1,5,4,0.9701524509986833,0.6027896096541139,5,0.0008152838117271569
LDLR,1,1,2492,1,2475,1,413,1,340,1,5,4,1.0835192168921977,0.6732283417217955,5,0.0015784183800951301
ANGPTL4,1,1,182,1,212,1,83,1,252,1,5,4,1.3287905508793,0.8256239899740205,5,0.012218967078135278
RB1,1,1,320,1,122,1,74,1,3884,1,5,4,0.47087736345645853,0.29257255580882124,5,9.360349456647262e-05
CCND1,1,1,214,1,73,1,50,1,3049,1,5,4,0.4164697742603345,0.25876721993610124,5,6.630452336438095e-05
SMAD3,1,1,773,1,403,1,458,1,1615,1,5,4,1.226565981185691,0.7621082936530574,5,0.006477637277607719
TGFB3,1,1,51,1,7,1,17,1,56,1,5,4,1.1878867722597661,0.7380755499062503,5,0.0075751205435976585
FOXO3,1,1,180,1,107,1,124,1,483,1,5,4,1.1908037447537896,0.7398879668199366,5,0.00497895885651992
ERBB2,1,1,195,1,85,1,85,1,7360,1,5,4,0.23948534909697222,0.14880061370915304,5,3.387370586866869e-05
FGFR2,1,1,65,1,67,1,35,1,1637,1,5,4,0.41116759078907916,0.25547278811596574,5,6.630452336438095e-05
ALK,1,1,266,1,125,1,171,1,8643,1,5,4,0.29505688733604446,0.18332915178430395,5,5.312972478196771e-05
ROS1,1,1,50,1,11,1,16,1,1865,1,5,4,0.20622165721940924,0.12813271989319636,5,2.7904636084308295e-05
CTNNB1,1,1,84,1,100,1,44,1,2526,1,5,4,0.3752979735799047,0.233185741854625,5,6.630452336438095e-05
BRCA2,0,0,71,1,404,1,22,1,8999,1,4,4,0.23592810577722434,0.14659037416386486,4,3.409856069534084e-05
MAPK3,0,0,73,1,59,1,59,1,245,1,4,4,1.164428437913462,0.7235000672703119,4,0.0035254800531666886
STAT1,0,0,547,1,333,1,1549,1,2516,1,4,4,1.1326305380204578,0.7037429212211591,4,0.007036487691862647
INSR,0,0,58,1,556,1,60,1,287,1,4,4,1.0201232790273191,0.6338382308171759,4,0.0034689653118680406
PPARG,0,0,218,1,612,1,202,1,445,1,4,4,1.2809956278052503,0.7959273345735242,4,0.01316590546370925
SLC2A4,0,0,12,1,121,1,24,1,28,1,4,4,1.0058447222207136,0.6249664646581381,4,0.00017749846642455783
FTO,0,0,237,1,506,1,99,1,622,1,4,4,1.2078051460503323,0.7504515313819456,4,0.009821976639689832
CTLA4,0,0,313,1,568,1,1986,1,5765,1,4,4,0.9069880108273718,0.5635433363537776,4,0.0009643481868738175
PDCD1,0,0,29,1,26,1,121,1,490,1,4,4,0.7987200208116725,0.4962726518624723,4,0.0005017787990130805
CD40LG,0,0,13,1,9,1,46,1,62,1,4,4,1.135848304649121,0.7057422320388077,4,0.0063347592350610545
NFKBIA,0,0,45,1,26,1,105,1,189,1,4,4,1.145469012096203,0.7117199136708575,4,0.0030358782615927666
ABCA7,0,0,10,1,15,1,10,1,13,1,4,4,1.370851083332765,0.8517576681535365,4,0.011610526311801858
CD33,0,0,113,1,51,1,117,1,2300,1,4,4,0.45747408054978356,0.2842446279011184,4,0.00010697657304630661
CFTR,0,0,91,1,309,1,323,1,366,1,4,4,1.291788153158295,0.8026331076074912,4,0.002849248922890404
HBA2,0,0,13,1,70,1,8,1,22,1,4,4,1.0514809612058915,0.6533218542215403,4,0.0009434348468051826
PROS1,0,0,95,1,4,1,27,1,50,1,4,4,1.0639372461702021,0.6610613792246962,4,0.004914750501517113
SERPINC1,0,0,105,1,5,1,12,1,23,1,4,4,0.848124962468044,0.5269696680534554,4,0.0005047390089314449
ITGA2B,0,0,26,1,3,1,11,1,25,1,4,4,1.1766166471677917,0.7310730274697498,4,0.005978029414479008
ITGB3,0,0,97,1,29,1,29,1,178,1,4,4,1.1192307932616246,0.695417191688314,4,0.005079396443286098
GP1BA,0,0,35,1,5,1,7,1,8,1,4,4,1.0484009108443644,0.6514081113317206,4,0.0008238196690865153
GP9,0,0,8,1,6,1,5,1,3,1,4,4,1.3306281089460499,0.826765728995174,4,0.002534084191813189
APOA1,0,0,964,1,776,1,214,1,242,1,4,4,1.1989482850428448,0.7449484542274548,4,0.00298878805711697
APOC3,0,0,249,1,320,1,41,1,51,1,4,4,1.089082051833259,0.6766847254058657,4,0.0032929180890595737
ANGPTL3,0,0,191,1,336,1,19,1,38,1,4,4,0.972801343820275,0.6044354593020731,4,0.000832394228440248
ANGPTL8,0,0,54,1,126,1,17,1,9,1,4,4,0.9943018637596651,0.6177944834516116,4,0.0004587821223913
KDR,0,0,484,1,152,1,91,1,1084,1,4,4,1.018096612269212,0.6325789919596534,4,0.0035018663182906653
FLT1,0,0,247,1,78,1,87,1,683,1,4,4,1.0197222422112615,0.6335890526333148,4,0.0026129899172155882
TEK,0,0,92,1,27,1,31,1,150,1,4,4,1.1603123349051794,0.7209425886770201,4,0.00659585012382081
CDKN2A,0,0,176,1,251,1,50,1,5283,1,4,4,0.36360792966870076,0.22592230918605813,4,6.630452336438095e-05
CDK4,0,0,228,1,108,1,76,1,7132,1,4,4,0.2659580676947963,0.16524903858674708,4,3.387370586866869e-05
CDK6,0,0,80,1,33,1,47,1,2032,1,4,4,0.33664252176017895,0.2091677592278435,4,6.630452336438095e-05
SMAD4,0,0,269,1,107,1,88,1,2682,1,4,4,0.5613452103473331,0.3487833895365118,4,0.0002596645730897039
TGFB2,0,0,103,1,18,1,31,1,145,1,4,4,1.1230797030417763,0.6978086537946904,4,0.0056272998431697325
FOXO1,0,0,440,1,1102,1,397,1,1436,1,4,4,1.246416325265554,0.7744420058929049,4,0.009926693561174794
FOXO4,0,0,37,1,26,1,15,1,135,1,4,4,1.0366568564936132,0.6441111200902321,4,0.002682803767143485
PRKAA1,0,0,19,1,35,1,13,1,73,1,4,4,1.1778609682687016,0.7318461676395548,4,0.008416066594544172
PRKAA2,0,0,22,1,28,1,6,1,39,1,4,4,1.2387808781942966,0.7696978358865518,4,0.007080265724471595
HIF1A,0,0,280,1,108,1,192,1,980,1,4,4,1.0430488610873616,0.6480826958461935,4,0.002116813498467329
EPAS1,0,0,45,1,10,1,12,1,217,1,4,4,0.7490366730679787,0.4654026522434419,4,0.0009343810400221468
VHL,0,0,1529,1,79,1,60,1,3676,1,4,4,0.728105196649611,0.4523971947127994,4,0.001794967667624291
MDM2,0,0,231,1,128,1,76,1,6123,1,4,4,0.3104331617047227,0.19288296821293727,4,5.312972478196771e-05
MDM4,0,0,22,1,8,1,8,1,354,1,4,4,0.4125753451688185,0.2563474750913771,4,6.630452336438095e-05
CHEK1,0,0,11,1,5,1,5,1,312,1,4,4,0.2997694517731959,0.1862572327004694,4,5.312972478196771e-05
CHEK2,0,0,13,1,64,1,2,1,1343,1,4,4,0.24570347795845,0.15266415439838255,4,3.409856069534084e-05
RAD51,0,0,40,1,163,1,15,1,1895,1,4,4,0.4055217712294675,0.2519648431893591,4,0.00013517505561535625
RAD52,0,0,3,1,11,1,1,1,174,1,4,4,0.3351422164836083,0.20823556714700603,4,4.006763047970123e-05
MLH1,0,0,19,1,1454,1,22,1,3991,1,4,4,0.6251488713303258,0.3884268330580432,4,0.0006664014617625992
MSH2,0,0,24,1,1346,1,23,1,3280,1,4,4,0.660183823212011,0.4101952725927492,4,0.0014961500365486043
MSH6,0,0,6,1,902,1,8,1,2351,1,4,4,0.6184068127715431,0.38423775654462483,4,0.0014961500365486043
PMS2,0,0,7,1,691,1,12,1,1863,1,4,4,0.6279621424390103,0.3901748166782561,4,0.0006664014617625992
ERBB3,0,0,49,1,72,1,61,1,1301,1,4,4,0.5056602575513844,0.31418438303508595,4,0.00017649135217268457
PDGFRA,0,0,92,1,31,1,37,1,2042,1,4,4,0.33129802818187554,0.20584703866011408,4,6.630452336438095e-05
PDGFRB,0,0,78,1,98,1,19,1,565,1,4,4,0.8104224068376851,0.5035437531181362,4,0.0008806834373080349
FGFR4,0,0,49,1,44,1,16,1,606,1,4,4,0.5804864173562102,0.3606764901407644,4,0.0002851756461590142
NTRK1,0,0,6,1,14,1,12,1,655,1,4,4,0.2369160701389782,0.14720423093592241,4,5.312972478196771e-05
NTRK3,0,0,12,1,1,1,8,1,705,1,4,4,0.15506535488478498,0.09634752212980087,4,2.7904636084308295e-05
OCT4,0,0,130,1,123,1,54,1,2599,1,4,4,0.44675799869686245,0.2775863518842982,4,6.630452336438095e-05
NANOG,0,0,73,1,76,1,35,1,2183,1,4,4,0.3546449810493795,0.220353316092211,4,6.630452336438095e-05
KLF4,0,0,354,1,150,1,158,1,1221,1,4,4,1.0045711194809668,0.6241751307831825,4,0.002354736787446919
BMI1,0,0,47,1,31,1,21,1,1435,1,4,4,0.3067905035857865,0.19061965746898504,4,5.312972478196771e-05
NOTCH2,0,0,152,1,88,1,54,1,702,1,4,4,0.9058538168343067,0.5628386220033186,4,0.00108671454529388
DLL4,0,0,105,1,30,1,45,1,326,1,4,4,0.9922874270273081,0.6165428435363381,4,0.0021124394236964744
JAG1,0,0,294,1,36,1,36,1,326,1,4,4,1.0258368783131508,0.6373882896555381,4,0.006313357040113205
WNT1,0,0,123,1,111,1,71,1,683,1,4,4,0.9494248147344959,0.5899108051323296,4,0.0011802173839159564
WNT3A,0,0,155,1,141,1,71,1,633,1,4,4,1.042451192825135,0.6477113436755946,4,0.002244987172454962
WNT5A,0,0,131,1,104,1,140,1,872,1,4,4,0.9395417999952134,0.5837701428160458,4,0.001074151642805112
AXIN1,0,0,25,1,17,1,31,1,277,1,4,4,0.7352389401263364,0.4568296387490756,4,0.0005680775386556995
AXIN2,0,0,39,1,28,1,28,1,531,1,4,4,0.590498949293643,0.36689762601688525,4,0.00017649135217268457
GSK3B,0,0,51,1,66,1,40,1,171,1,4,4,1.2081966371325918,0.7506947784679221,4,0.007628787927191584
GABRB2,10,1,1,1,1,1,0,0,16,1,4,3,0.9255162785363127,0.5750555963582153,4,0.02240932981345566
HTR2C,0,0,11,1,20,1,0,0,12,1,3,3,1.060958876869216,0.6592108143299736,3,0.006089989274886393
RAD54,0,0,1,1,7,1,0,0,52,1,3,3,0.44291048872541045,0.2751957595279686,3,0.00026294878632220623
JAG2,0,0,9,1,0,0,5,1,77,1,3,3,0.5295932621080244,0.3290547948551007,3,0.00034567748692514974
PDCD1LG1,0,0,1,1,0,0,0,0,2,1,2,2,0.6365141682928128,0.39548848910248063,2,0.0019338454930336053
